<?xml version="1.0" encoding="utf-8"?>
<description_terre nom="Structure interne de la terre">
    <couche1 niveau="exterieur" nom="croute terrestre">
        <croute_oceanique roche="basalte" densite="3" epaisseur="6" unite="km" />
        <croute_continentale roche="granite" densite="2.7" epaisseur="35" unite="km" />
    </couche1>

    <couche2 nom="manteau">
        <manteau_superieur niveau="milieu" epaisseur="650" unite="km" densite="3.3">
            <mineraux nom1="olivine" nom2="pyroxene" />
        </manteau_superieur>

        <manteau_inferieur niveau="bas" epaisseur="2200" unite="km" densite="6">
            <mineral nom="pérovskite" />
        </manteau_inferieur>
    </couche2>

    <couche3 nom="noyau" niveau="tres bas">
        <noyau_externe epaisseur="200" unite="km" roche="melange fer-nickel" densite="10" />
        <noyau_interne second_nom="graine" epaisseur="1200" unite="km" roche="fer" densite="13" />
    </couche3>
</description_terre>