<?xml version="1.0" encoding="utf-8"?>

<!DOCTYPE chevaux SYSTEM "chevaux.dtd">

<chevaux>
    <catégorie nom="selle" proportion="75%">
        <cheval nom="Henson">
            <origine>Baie de Somme</origine>
            <caractéristiques taille="1.50" poids="350">
                <robe>Isabelle</robe>
            </caractéristiques>
        </cheval>
        <cheval nom="Corse">
            <caractéristiques taille="1.45" poids="400">
                <robe>Noire</robe>
            </caractéristiques>
        </cheval>
        <cheval nom="Barraquand">
            <origine>Vercors</origine>
            <caractéristiques taille="1.50" poids="450">
                <robe>Baie</robe>
            </caractéristiques>
        </cheval>
        <cheval nom="Mérens">
            <origine>Ariège</origine>
            <caractéristiques poids="450">
                <robe>Noire</robe>
            </caractéristiques>
        </cheval>
    </catégorie>
    <catégorie nom="course" proportion="5%"/>
    <catégorie nom="trait" proportion="75%">
        <cheval nom="Percheron">
            <origine>Perche</origine>
            <caractéristiques taille="1.65" poids="900">
                <robe>Grise</robe>
                <robe>Noire</robe>
            </caractéristiques>
        </cheval>
        <cheval nom="Comtois">
            <origine>Franche-Comté</origine>
            <caractéristiques taille="1.60" poids="700">
                <robe>Alezan</robe>
                <robe>Baie</robe>
            </caractéristiques>
        </cheval>
        <cheval nom="Boulonnais">
            <caractéristiques poids="900">
                <robe>Alezan</robe>
                <robe>Noire</robe>
            </caractéristiques>
        </cheval>
        <cheval nom="Breton">
            <caractéristiques taille="1.58" poids="750">
                <robe>Alezan</robe>
            </caractéristiques>
        </cheval>
    </catégorie>
    <catégorie nom="poney">
        <cheval nom="Camargue">
            <caractéristiques taille="1.40" poids="350">
                <robe>Gris clair</robe>
            </caractéristiques>
        </cheval>
        <cheval nom="Pottok">
            <origine>Pays Basque</origine>
            <caractéristiques taille="1.35" poids="400">
                <robe>Baie</robe>
                <robe>Alezan</robe>
                <robe>Pie</robe>
                <robe>Noire</robe>
            </caractéristiques>
        </cheval>
    </catégorie>
</chevaux>
