<?xml version="1.0" encoding="utf-8"?>
<ordinateurs
    xmlns:xsi="http://www.w3.org/2001/XMLSchema-instance"
    xsi:noNamespaceSchemaLocation="ordinateurs.xsd">

    <ordinateur nom="pc_carriere" prix="249.90">
        <description>PC du salon</description>
        <cpu>Ni jiao shenme mingze</cpu>
        <modele>ultra mega speed</modele>
        <ram taille="8Go" />
        <disque taille="500Go" date="2002-02-02" type="SSD" />
    </ordinateur>

    <ordinateur nom="pc_burreau" prix="246.80">
        <description>PC de la chambre</description>
        <cpu marque="intel" modele="i7"/>
        <ram taille="4Go" />
        <disque taille="100Go" date="1990-02-02" type="HD" />
    </ordinateur>

</ordinateurs>
